﻿<?xml version="1.0" encoding="utf-8"?>
<ApplicationPackage SchemaVersion="1.0"
					AutodeskProduct="Naviswork"
					Name="Pris.SelectByRevitId"
					Description="Select by Revit ID"
					AppVersion="1.0.0.0"
					ProductType="Application"
					SupportedLocales="Enu"
					AppNameSpace="appstore.exchange.autodesk.com"
					OnlineDocumentation=""
					Author="e-verse"
					ProductCode="{E0766063-07EF-4B00-BCD8-414133AE53C9}"
					UpgradeCode="{8D8AB66D-50C4-4823-81CB-C066A6D001A4}"
					FriendlyVersion="1.0.0.0"
					HelpFile=""
					Icon="">
	<CompanyDetails Name="e-verse" Url="http://www.e-verse.com" Email="contact@e-verse.com" Phone=" " />
	<Components Description="2018">
		<RuntimeRequirements OS="Win64" Platform="NAVMAN|NAVSIM" SeriesMin="Nw15" SeriesMax="Nw15" />
		<ComponentEntry AppName="Select by Revit ID for Autodesk® Navisworks®" AppType="ManagedPlugin" Version="1.0.0.0" ModuleName="./Contents/dlls/2018/Pris.SelectByRevitId.dll" AppDescription="Select by Revit ID." />
	</Components>
	<Components Description="2019">
		<RuntimeRequirements OS="Win64" Platform="NAVMAN|NAVSIM" SeriesMin="Nw16" SeriesMax="Nw16" />
		<ComponentEntry AppName="Select by Revit ID for Autodesk® Navisworks®" AppType="ManagedPlugin" Version="1.0.0.0" ModuleName="./Contents/dlls/2019/Pris.SelectByRevitId.dll" AppDescription="Select by Revit ID." />
	</Components>
	<Components Description="2020">
		<RuntimeRequirements OS="Win64" Platform="NAVMAN|NAVSIM" SeriesMin="Nw17" SeriesMax="Nw17" />
		<ComponentEntry AppName="Select by Revit ID for Autodesk® Navisworks®" AppType="ManagedPlugin" Version="1.0.0.0" ModuleName="./Contents/dlls/2020/Pris.SelectByRevitId.dll" AppDescription="Select by Revit ID." />
	</Components>
	<Components Description="2021">
		<RuntimeRequirements OS="Win64" Platform="NAVMAN|NAVSIM" SeriesMin="Nw18" SeriesMax="Nw18" />
		<ComponentEntry AppName="Select by Revit ID for Autodesk® Navisworks®" AppType="ManagedPlugin" Version="1.0.0.0" ModuleName="./Contents/dlls/2021/Pris.SelectByRevitId.dll" AppDescription="Select by Revit ID." />
	</Components>
	<Components Description="2022">
		<RuntimeRequirements OS="Win64" Platform="NAVMAN|NAVSIM" SeriesMin="Nw19" SeriesMax="Nw19" />
		<ComponentEntry AppName="Select by Revit ID for Autodesk® Navisworks®" AppType="ManagedPlugin" Version="1.0.0.0" ModuleName="./Contents/dlls/2022/Pris.SelectByRevitId.dll" AppDescription="Select by Revit ID." />
	</Components>
	<Components Description="2023">
		<RuntimeRequirements OS="Win64" Platform="NAVMAN|NAVSIM" SeriesMin="Nw20" SeriesMax="Nw20" />
		<ComponentEntry AppName="Select by Revit ID for Autodesk® Navisworks®" AppType="ManagedPlugin" Version="1.0.0.0" ModuleName="./Contents/dlls/2023/Pris.SelectByRevitId.dll" AppDescription="Select by Revit ID." />
	</Components>
</ApplicationPackage>